WeatherPy_Database_csv,City,Country,Lat,Lng,Max Temp,Humidity,Cloudiness,Wind Speed,Current Description
0,Boditi,ET,6.9667,37.8667,65.3,35,98,7.16,overcast clouds
1,Rikitea,PF,-23.1203,-134.9692,75.52,82,3,12.24,light rain
2,Dingle,PH,10.9995,122.6711,76.78,91,100,8.05,overcast clouds
3,Port Alfred,ZA,-33.5906,26.891,65.32,60,38,21.18,scattered clouds
4,Nikolskoye,RU,59.7035,30.7861,32.88,84,45,5.73,scattered clouds
5,Balung,ID,-7.7333,113.9167,78.69,81,100,3.76,overcast clouds
6,Roma,US,43.2128,-75.4557,33.12,76,1,3.44,clear sky
7,Asosa,ET,10.0667,34.5333,72.64,46,38,6.04,scattered clouds
8,Saint-Augustin,CA,51.226,-58.6502,42.78,85,100,25.88,overcast clouds
9,Kavaratti,IN,10.5669,72.642,81.91,75,29,13.18,scattered clouds
10,Avarua,CK,-21.2078,-159.775,73.45,68,100,5.75,overcast clouds
11,Qaanaaq,GL,77.484,-69.3632,-6.07,76,95,9.33,overcast clouds
12,Katsuura,JP,35.1333,140.3,55.42,62,3,26.35,clear sky
13,Barrow,US,71.2906,-156.7887,1.42,71,90,4.61,light snow
14,Hilo,US,19.7297,-155.09,67.24,72,1,6.91,clear sky
15,Hobart,AU,-42.8794,147.3294,61.27,86,100,0.0,overcast clouds
16,Lebu,CL,-37.6167,-73.65,61.18,67,0,18.32,clear sky
17,Ribeira Grande,PT,38.5167,-28.7,70.2,83,20,13.8,few clouds
18,Georgetown,MY,5.4112,100.3354,78.89,93,40,8.05,moderate rain
19,Matagami,CA,49.7502,-77.6328,15.91,100,90,10.36,light snow
20,Necochea,AR,-38.5473,-58.7368,66.04,30,12,1.74,few clouds
21,Mataura,NZ,-46.1927,168.8643,45.73,96,86,2.01,overcast clouds
22,Kuah,MY,6.3265,99.8432,80.58,94,40,3.44,scattered clouds
23,Tombouctou,ML,20.0,-3.0,91.99,18,100,6.73,overcast clouds
24,Grand Gaube,MU,-20.0064,57.6608,79.2,83,34,1.99,scattered clouds
25,Mar Del Plata,AR,-38.0023,-57.5575,60.82,72,0,5.01,clear sky
26,Mattru,SL,7.6244,-11.8332,88.05,57,54,3.18,broken clouds
27,Bathsheba,BB,13.2167,-59.5167,84.81,70,75,16.11,broken clouds
28,Lakes Entrance,AU,-37.8811,147.981,65.16,73,100,2.68,overcast clouds
29,Butaritari,KI,3.0707,172.7902,80.1,82,37,14.47,moderate rain
30,Ambon,ID,-3.6954,128.1814,82.87,67,19,2.75,few clouds
31,Pevek,RU,69.7008,170.3133,-18.56,98,79,2.93,broken clouds
32,Riyadh,SA,24.6877,46.7219,75.34,46,6,13.87,clear sky
33,Port Hedland,AU,-20.3167,118.5667,80.65,78,100,9.22,overcast clouds
34,Bredasdorp,ZA,-34.5322,20.0403,71.28,52,78,11.39,broken clouds
35,Bengkulu,ID,-3.8004,102.2655,76.53,86,100,5.61,heavy intensity rain
36,Santa Barbara,US,34.7333,-120.0343,60.82,56,1,0.0,clear sky
37,Bethel,US,41.3712,-73.414,37.29,63,1,1.99,clear sky
38,Carnarvon,AU,-24.8667,113.6333,71.67,73,0,18.41,clear sky
39,Umea,SE,63.8284,20.2597,33.91,93,0,9.22,light snow
40,Ushuaia,AR,-54.8,-68.3,42.46,61,75,19.57,light intensity drizzle
41,Tuktoyaktuk,CA,69.4541,-133.0374,-4.0,84,90,10.36,light snow
42,Puerto Quijarro,BO,-17.7833,-57.7667,97.34,42,78,5.48,broken clouds
43,Karwar,IN,14.8,74.1333,79.77,86,71,7.43,broken clouds
44,Vaini,TO,-21.2,-175.2,71.76,100,40,3.44,scattered clouds
45,Port Elizabeth,ZA,-33.918,25.5701,68.09,59,20,16.11,few clouds
46,Souillac,MU,-20.5167,57.5167,79.18,69,40,6.91,scattered clouds
47,Tulun,RU,54.5611,100.5792,14.76,96,94,4.72,overcast clouds
48,Saint-Pierre,RE,-21.3393,55.4781,80.28,66,0,9.22,clear sky
49,Banepa,NP,27.6298,85.5214,55.72,88,40,3.44,mist
50,Chokurdakh,RU,70.6333,147.9167,-17.61,99,97,5.53,overcast clouds
51,Sitka,US,57.0531,-135.33,37.29,81,90,6.91,light rain
52,Iqaluit,CA,63.7506,-68.5145,31.73,80,90,28.01,light snow
53,Akhmim,EG,26.5622,31.745,77.2,29,1,10.51,clear sky
54,Altay,CN,47.8667,88.1167,27.93,93,100,4.99,snow
55,Castro,BR,-24.7911,-50.0119,82.9,35,9,6.6,clear sky
56,Punta Arenas,CL,-53.15,-70.9167,44.11,81,99,18.72,overcast clouds
57,Cidreira,BR,-30.1811,-50.2056,73.42,63,46,15.97,scattered clouds
58,Yellowknife,CA,62.456,-114.3525,-15.45,91,1,4.0,clear sky
59,Rio Gallegos,AR,-51.6226,-69.2181,50.05,76,75,16.11,light rain
60,Cavalcante,BR,-13.7975,-47.4583,79.88,69,69,2.64,broken clouds
61,Rio Bueno,CL,-40.3167,-72.9667,70.45,43,5,6.35,clear sky
62,Alihe,CN,50.5667,123.7167,9.88,69,91,6.96,overcast clouds
63,Hermanus,ZA,-34.4187,19.2345,74.89,63,64,18.52,broken clouds
64,Biak,ID,-0.9131,122.8766,77.23,82,28,2.04,scattered clouds
65,Qui Nhon,VN,13.7667,109.2333,76.71,89,74,16.2,broken clouds
66,Bani Walid,LY,31.7566,13.9942,75.87,33,70,5.57,broken clouds
67,Peniche,PT,39.3558,-9.3811,62.29,63,21,13.15,few clouds
68,Te Anau,NZ,-45.4167,167.7167,43.21,96,26,1.14,scattered clouds
69,Albany,US,42.6001,-73.9662,32.81,66,3,1.01,clear sky
70,Setubal,PT,38.5244,-8.8882,62.51,45,6,12.95,clear sky
71,Shingu,JP,33.7333,135.9833,48.18,72,27,10.02,scattered clouds
72,Hasaki,JP,35.7333,140.8333,43.2,54,2,8.88,clear sky
73,Dilla,ET,6.41,38.31,70.25,44,91,1.57,overcast clouds
74,Busselton,AU,-33.65,115.3333,59.09,77,0,11.12,clear sky
75,Sorland,NO,67.667,12.6934,39.06,93,75,19.57,light intensity shower rain
76,Sampit,ID,-2.5333,112.95,75.79,96,100,2.73,overcast clouds
77,Khatanga,RU,71.9667,102.5,0.27,79,100,18.3,overcast clouds
78,Ayan,RU,56.45,138.1667,25.86,88,100,39.46,light snow
79,Provideniya,RU,64.3833,-173.3,9.45,66,6,11.25,clear sky
80,Olafsvik,IS,64.8945,-23.7142,36.57,83,100,12.26,overcast clouds
81,Cabo San Lucas,MX,22.8909,-109.9124,76.51,61,19,6.91,few clouds
82,Inyonga,TZ,-6.7167,32.0667,86.83,31,62,3.74,broken clouds
83,Saskylakh,RU,71.9167,114.0833,-26.5,97,9,10.56,clear sky
84,Mackenzie,CA,55.2999,-123.1698,25.02,86,75,2.3,broken clouds
85,Batticaloa,LK,7.7102,81.6924,79.03,87,100,6.2,overcast clouds
86,Yantzaza,EC,-3.8278,-78.7594,77.67,79,100,2.46,light rain
87,Nhulunbuy,AU,-12.2333,136.7667,81.21,78,20,5.75,few clouds
88,Birin,NP,26.8865,88.0718,51.01,86,42,2.84,scattered clouds
89,Fortuna,US,40.5982,-124.1573,48.33,95,90,0.0,overcast clouds
90,San Patricio,US,28.017,-97.5169,64.81,55,64,5.41,broken clouds
91,Tuatapere,NZ,-46.1333,167.6833,48.45,92,80,2.64,broken clouds
92,Bokino,RU,52.6374,41.4597,23.25,71,92,4.29,overcast clouds
93,Cape Town,ZA,-33.9258,18.4232,76.12,49,20,29.93,few clouds
94,Auki,SB,-8.7676,160.7034,76.98,87,86,5.1,overcast clouds
95,Oranjemund,NA,-28.55,16.4333,67.03,69,65,20.74,broken clouds
96,Guerrero Negro,MX,27.9769,-114.0611,65.48,65,79,1.36,broken clouds
97,Leh,IN,34.1667,77.5833,18.54,49,37,2.82,scattered clouds
98,Pecos,US,31.4229,-103.4932,53.31,48,1,0.0,clear sky
99,Juan Lacaze,UY,-34.4342,-57.4381,67.23,50,0,11.81,clear sky
100,Clearlake,US,38.9582,-122.6264,48.52,66,7,4.36,clear sky
101,San Quintin,MX,30.4833,-115.95,63.66,83,97,9.82,overcast clouds
102,East London,ZA,-33.0153,27.9116,67.14,59,20,25.32,few clouds
103,Kailua,US,21.4022,-157.7394,75.18,73,90,6.91,overcast clouds
104,Kodiak,US,57.79,-152.4072,11.71,57,40,12.66,scattered clouds
105,New Norfolk,AU,-42.7826,147.0587,60.91,67,100,2.17,light rain
106,Talnakh,RU,69.4865,88.3972,7.79,94,99,9.82,overcast clouds
107,Faanui,PF,-16.4833,-151.75,79.77,73,100,3.09,overcast clouds
108,Saint-Michel-Des-Saints,CA,46.6834,-73.9159,20.59,67,49,8.93,scattered clouds
109,Verkhoyansk,RU,67.5447,133.385,-32.73,99,96,1.79,overcast clouds
110,Geraldton,AU,-28.7667,114.6,66.61,77,0,14.97,clear sky
111,Alice Springs,AU,-23.7,133.8833,67.55,88,90,5.75,overcast clouds
112,Newport,GB,51.5877,-2.9984,50.99,82,64,2.06,broken clouds
113,Lashio,MM,22.9333,97.75,60.1,98,17,1.92,few clouds
114,Smithers,CA,54.7804,-127.1743,28.72,80,90,5.75,overcast clouds
115,Hithadhoo,MV,-0.6,73.0833,82.26,75,100,18.25,overcast clouds
116,Namibe,AO,-15.1961,12.1522,81.23,65,20,13.8,few clouds
117,Denpasar,ID,-8.65,115.2167,76.71,94,75,3.44,thunderstorm
118,Namatanai,PG,-3.6667,152.4333,79.45,83,46,8.08,light rain
119,Thompson,CA,55.7435,-97.8558,1.56,78,90,6.91,light snow
120,Axim,GH,4.8699,-2.2405,84.31,69,26,7.47,light rain
121,Uige,AO,-7.6087,15.0613,87.82,48,75,6.91,light rain
122,Naryan-Mar,RU,67.6713,53.087,15.46,94,98,11.74,overcast clouds
123,Asau,RO,46.4333,26.4,41.76,96,100,1.03,overcast clouds
124,Ruteng,ID,-8.6136,120.4721,64.15,93,87,0.22,overcast clouds
125,Kisangani,CD,0.5167,25.2,80.6,72,100,1.03,overcast clouds
126,Atuona,PF,-9.8,-139.0333,77.0,80,96,12.24,light rain
127,Praia,CV,14.9215,-23.5087,86.54,54,0,18.41,clear sky
128,Constitucion,CL,-35.3333,-72.4167,64.54,71,11,11.03,few clouds
129,Wasilla,US,61.5814,-149.4394,8.44,71,90,13.8,overcast clouds
130,Macas,EC,-2.3167,-78.1167,71.35,83,75,0.0,light rain
131,Cap Malheureux,MU,-19.9842,57.6142,79.29,83,43,10.31,scattered clouds
132,Madang,PG,-5.2246,145.7966,77.34,88,96,3.06,overcast clouds
133,Kapaa,US,22.0752,-159.319,77.32,82,90,12.66,light rain
134,Saint George,US,37.1041,-113.5841,48.67,45,1,0.0,clear sky
135,Lavrentiya,RU,65.5833,-171.0,-0.58,91,14,10.16,few clouds
136,Mahebourg,MU,-20.4081,57.7,79.09,69,40,6.91,scattered clouds
137,Norman Wells,CA,65.282,-126.8329,-20.16,76,75,2.3,light snow
138,Camacha,PT,33.0833,-16.3333,70.56,73,40,4.61,scattered clouds
139,Airai,TL,-8.9266,125.4092,62.92,90,53,0.58,broken clouds
140,Dikson,RU,73.5069,80.5464,-2.27,97,100,16.17,light snow
141,Puerto Leguizamo,CO,-0.1934,-74.7819,78.82,89,100,4.16,overcast clouds
142,Acari,PE,-15.4311,-74.6158,74.5,62,100,8.28,overcast clouds
143,Waslala,NI,13.2333,-85.3833,77.34,71,100,3.69,overcast clouds
144,Mount Isa,AU,-20.7333,139.5,80.37,32,40,1.14,light rain
145,Rawson,AR,-43.3002,-65.1023,76.32,27,88,23.85,overcast clouds
146,Vestmannaeyjar,IS,63.4427,-20.2734,38.39,75,75,11.5,broken clouds
147,Jamestown,US,42.097,-79.2353,32.72,90,40,7.0,mist
148,Khartoum,SD,15.5518,32.5324,90.01,26,65,1.01,broken clouds
149,Salta,AR,-24.7859,-65.4117,77.29,66,75,5.99,broken clouds
150,Sao Felix Do Xingu,BR,-6.6447,-51.995,91.33,48,65,1.68,broken clouds
151,Arraial Do Cabo,BR,-22.9661,-42.0278,82.36,65,0,10.36,clear sky
152,Ahipara,NZ,-35.1667,173.1667,58.95,84,87,5.19,overcast clouds
153,Port Keats,AU,-14.25,129.55,84.49,75,39,8.86,scattered clouds
154,Poum,NC,-20.2333,164.0167,78.12,80,100,8.3,overcast clouds
155,Juquitiba,BR,-23.9317,-47.0683,92.08,25,15,5.59,few clouds
156,Aasiaat,GL,68.7098,-52.8699,-2.65,87,59,18.3,broken clouds
157,Ipubi,BR,-7.6519,-40.1489,96.66,26,100,4.9,overcast clouds
158,Severo-Kurilsk,RU,50.6789,156.125,37.17,94,100,28.14,light rain
159,Praia Da Vitoria,PT,38.7333,-27.0667,68.76,83,40,15.01,scattered clouds
160,Kombissiri,BF,12.0656,-1.3375,100.38,10,1,12.73,clear sky
161,Aklavik,CA,68.2191,-135.0107,-7.6,77,75,10.36,broken clouds
162,Saint-Philippe,RE,-21.3585,55.7679,80.19,77,62,5.28,broken clouds
163,Samarai,PG,-10.6167,150.6667,83.23,77,26,12.84,scattered clouds
164,Vila Franca Do Campo,PT,37.7167,-25.4333,70.21,86,100,16.78,overcast clouds
165,Upernavik,GL,72.7868,-56.1549,-0.06,75,19,6.33,few clouds
166,Farmington,US,36.7281,-108.2187,41.74,50,1,9.22,clear sky
167,Hamilton,US,39.1834,-84.5333,31.87,69,1,1.99,clear sky
168,Esperance,AU,-33.8667,121.9,57.04,69,59,9.37,broken clouds
169,Bluff,NZ,-46.6,168.3333,52.14,78,54,11.43,broken clouds
170,Jacqueville,CI,5.2052,-4.4146,87.71,73,10,10.8,clear sky
171,Marsa Matruh,EG,31.3525,27.2453,71.8,46,75,5.75,broken clouds
172,Curup,ID,-3.4667,102.5333,67.71,95,100,1.68,heavy intensity rain
173,Dunedin,NZ,-45.8742,170.5036,47.41,90,13,5.66,few clouds
174,Caxito,AO,-8.5785,13.6643,84.85,60,77,12.24,broken clouds
175,Faya,SA,18.3851,42.4509,69.91,48,30,1.57,scattered clouds
176,Los Llanos De Aridane,ES,28.6585,-17.9182,67.75,89,40,3.44,volcanic ash
177,Awjilah,LY,29.1081,21.2869,76.24,25,60,7.63,broken clouds
178,Baghdad,IQ,33.3406,44.4009,69.71,40,0,6.91,clear sky
179,Adrar,MR,20.5022,-10.0711,90.81,20,76,5.7,broken clouds
180,Noumea,NC,-22.2763,166.4572,73.38,89,71,7.85,broken clouds
181,Elko,US,41.0002,-115.5012,28.63,51,67,4.59,broken clouds
182,Bima,ID,-8.4667,118.7167,79.25,85,100,0.85,overcast clouds
183,Puerto Ayora,EC,-0.7393,-90.3518,73.36,72,14,8.37,few clouds
184,Aswan,EG,24.0934,32.907,78.1,25,0,6.91,clear sky
185,Junction City,US,39.0286,-96.8314,47.61,76,1,0.0,clear sky
186,Mineros,BO,-17.1167,-63.2333,85.59,48,99,8.57,overcast clouds
187,Bereda,ES,43.2686,-7.5406,50.41,92,100,8.01,overcast clouds
188,Salingogon,PH,13.4346,123.1905,76.19,91,29,4.32,scattered clouds
189,Comodoro Rivadavia,AR,-45.8667,-67.5,69.66,37,100,28.77,overcast clouds
190,Kibiti,TZ,-7.7218,38.9375,82.69,52,84,9.42,broken clouds
191,Angoche,MZ,-16.2325,39.9086,82.56,76,90,17.43,overcast clouds
192,Ballina,AU,-28.8667,153.5667,68.77,94,75,1.14,broken clouds
193,Nishihara,JP,26.1842,127.7558,65.48,59,75,17.27,broken clouds
194,Avera,US,33.194,-82.5271,43.92,35,0,10.13,clear sky
195,Port Lincoln,AU,-34.7333,135.8667,61.81,89,49,2.44,scattered clouds
196,Nome,US,64.5011,-165.4064,6.87,51,1,18.41,clear sky
197,Buin,CL,-33.7333,-70.75,83.05,24,0,8.77,clear sky
198,Buchanan,LR,5.8808,-10.0467,91.36,74,38,9.91,light rain
199,Leshukonskoye,RU,64.8989,45.7622,11.71,97,96,4.63,overcast clouds
200,Taksimo,RU,56.3444,114.8794,-15.47,89,15,0.47,few clouds
201,Jiazi,CN,22.8779,116.067,61.99,63,49,11.95,scattered clouds
202,Birao,CF,10.2849,22.7882,91.83,15,14,7.87,few clouds
203,Kaitangata,NZ,-46.2817,169.8464,44.2,96,47,5.79,scattered clouds
204,Zhigansk,RU,66.7697,123.3711,-34.58,100,99,5.19,overcast clouds
205,Inhambane,MZ,-23.865,35.3833,82.98,68,97,9.33,overcast clouds
206,Cherskiy,RU,68.75,161.3,-34.49,100,50,4.32,scattered clouds
207,Tongliao,CN,43.6125,122.2653,12.29,71,0,12.84,clear sky
208,Medyn,RU,54.9692,35.8586,26.53,66,35,4.76,scattered clouds
209,Kahului,US,20.8947,-156.47,76.84,80,20,5.75,few clouds
210,Ashoknagar,IN,24.5667,77.7167,68.32,33,5,6.71,clear sky
211,Haines Junction,CA,60.7522,-137.5108,-7.65,84,100,1.14,overcast clouds
212,Kinablangan,PH,7.6947,126.5503,78.15,88,100,4.76,overcast clouds
213,Elizabeth City,US,36.2946,-76.2511,42.03,61,1,3.0,clear sky
214,Bambous Virieux,MU,-20.3428,57.7575,79.05,69,40,6.91,scattered clouds
215,Bonavista,CA,48.6499,-53.1147,41.11,82,98,28.57,overcast clouds
216,Voyvozh,RU,62.892,54.9635,11.57,95,100,6.38,overcast clouds
217,Caravelas,BR,-17.7125,-39.2481,80.62,65,80,6.62,broken clouds
218,Lima,PE,-12.0432,-77.0282,73.9,72,90,9.22,overcast clouds
219,Buraydah,SA,26.326,43.975,72.05,38,1,10.8,clear sky
220,Chase,CA,50.8165,-119.6857,35.2,98,100,1.3,light snow
221,Port Hardy,CA,50.6996,-127.4199,41.0,100,90,3.44,light rain
222,Liverpool,GB,53.4106,-2.9779,50.29,89,75,5.99,broken clouds
223,Atambua,ID,-9.1061,124.8925,76.73,83,81,1.48,broken clouds
224,Margate,GB,51.3813,1.3862,50.04,77,83,1.99,broken clouds
225,Kudahuvadhoo,MV,2.6708,72.8944,81.88,73,100,16.33,overcast clouds
226,Wattegama,LK,6.7989,81.4808,77.92,94,100,5.32,light rain
227,Klaksvik,FO,62.2266,-6.589,47.32,83,99,27.11,overcast clouds
228,Umm Kaddadah,SD,13.6017,26.6876,82.62,12,91,15.19,overcast clouds
229,Pangnirtung,CA,66.1451,-65.7125,28.4,59,90,31.07,overcast clouds
230,Asfi,MA,32.2994,-9.2372,65.41,81,22,19.69,few clouds
231,Vilyuysk,RU,63.7553,121.6247,-29.02,100,7,3.44,clear sky
232,Helong,CN,42.5397,128.9972,13.41,70,86,15.79,overcast clouds
233,Evensk,RU,61.95,159.2333,11.64,73,100,11.59,overcast clouds
234,Touros,BR,-5.1989,-35.4608,90.5,60,29,15.79,scattered clouds
235,Oranjestad,AW,12.524,-70.027,85.95,66,20,18.41,few clouds
236,Krasnoarmeysk,RU,51.0239,45.6969,24.3,62,100,7.34,overcast clouds
237,Antalaha,MG,-14.9003,50.2788,77.27,70,93,7.16,overcast clouds
238,Aguimes,ES,27.9054,-15.4461,70.66,83,40,5.75,scattered clouds
239,Tasiilaq,GL,65.6145,-37.6368,24.96,69,89,8.16,overcast clouds
240,Tuy Hoa,VN,13.0833,109.3,76.12,90,100,13.31,overcast clouds
241,Haljala,EE,59.4336,26.2614,31.3,84,100,2.21,overcast clouds
242,Vostok,RU,46.4856,135.8833,7.68,92,100,11.45,light snow
243,Lubango,AO,-14.9172,13.4925,84.06,10,40,9.22,scattered clouds
244,Mvuma,ZW,-19.2792,30.5283,70.83,73,87,6.6,light rain
245,Labrea,BR,-7.2586,-64.7981,81.05,75,97,3.69,overcast clouds
246,Srednekolymsk,RU,67.45,153.6833,-29.79,100,70,5.19,broken clouds
247,Kavieng,PG,-2.5744,150.7967,82.42,79,99,15.84,light rain
248,Victoria,HK,22.2855,114.1577,64.33,61,93,1.01,overcast clouds
249,Hami,CN,42.8,93.45,26.82,64,30,4.23,scattered clouds
250,Anloga,GH,5.7947,0.8973,89.82,66,100,9.66,overcast clouds
251,Zambezi,ZM,-13.5432,23.1047,88.07,33,75,4.9,broken clouds
252,Longyearbyen,SJ,78.2186,15.6401,4.84,78,20,9.22,few clouds
253,Labuhan,ID,-6.8844,112.2051,78.85,87,100,10.4,heavy intensity rain
254,Amboasary,MG,-25.0333,46.3833,82.24,61,99,6.24,overcast clouds
255,Karla,EE,59.3723,24.9275,32.14,93,75,3.44,shower snow
256,Visnes,NO,59.3556,5.2242,48.58,87,75,14.97,broken clouds
257,Challans,FR,46.8436,-1.8749,49.91,46,1,23.44,clear sky
258,Show Low,US,34.2542,-110.0298,49.6,49,75,6.91,broken clouds
259,General Roca,AR,-39.0333,-67.5833,70.2,19,2,4.81,clear sky
260,Tapa,EE,59.2606,25.9586,31.39,93,100,1.45,overcast clouds
261,Ingham,US,42.6,-84.3833,28.65,70,1,3.44,clear sky
262,Coromandel,BR,-18.4733,-47.2003,86.99,43,71,1.01,broken clouds
263,Barra Dos Coqueiros,BR,-10.9089,-37.0386,86.02,62,40,16.11,scattered clouds
264,Clyde River,CA,70.4692,-68.5914,23.23,93,100,23.02,snow
265,Ambilobe,MG,-13.2,49.05,79.12,73,83,3.91,light rain
266,Nanortalik,GL,60.1432,-45.2371,26.64,52,64,3.13,broken clouds
267,Porterville,US,36.0652,-119.0168,44.58,100,1,0.0,mist
268,Fairbanks,US,64.8378,-147.7164,1.36,58,90,9.22,light snow
269,Bandarbeyla,SO,9.4942,50.8122,80.01,71,100,16.84,overcast clouds
270,Tingo Maria,PE,-9.2895,-76.0088,79.11,78,75,2.3,broken clouds
271,Anadyr,RU,64.75,177.4833,-14.3,76,0,8.95,clear sky
272,Barra Do Garcas,BR,-15.89,-52.2567,90.18,58,40,11.5,scattered clouds
273,Vila Velha,BR,-20.3297,-40.2925,82.35,73,20,4.0,few clouds
274,Lata,PT,40.1629,-8.3327,58.08,64,99,7.72,overcast clouds
275,Wajima,JP,37.4,136.9,48.06,76,100,31.59,light rain
276,Garowe,SO,8.4054,48.4845,85.46,30,44,5.32,scattered clouds
277,Marsaxlokk,MT,35.8419,14.5431,68.61,77,20,12.66,few clouds
278,Ipanguacu,BR,-5.4983,-36.855,96.82,25,63,9.8,broken clouds
279,Varadero,CU,23.1536,-81.2514,75.96,75,62,19.64,broken clouds
280,Northam,GB,51.0333,-4.2167,50.56,82,32,6.4,scattered clouds
281,Shumskiy,RU,54.8318,99.1328,21.24,89,96,4.63,overcast clouds
282,Padang,ID,-0.9492,100.3543,77.05,80,100,4.5,light rain
283,Vardo,NO,70.3705,31.1107,22.98,63,0,5.75,light snow
284,Buala,SB,-8.145,159.5921,80.47,83,71,8.77,light rain
285,Antigonish,CA,45.6169,-61.9986,55.92,95,100,1.99,heavy intensity rain
286,Port Blair,IN,11.6667,92.75,81.43,82,99,9.66,overcast clouds
287,Kemijarvi,FI,66.7131,27.4306,23.2,92,100,9.37,overcast clouds
288,Mabamba,TZ,-3.5983,30.5019,65.01,91,96,4.59,light rain
289,Sur,OM,22.5667,59.5289,76.55,45,58,2.95,broken clouds
290,Altamira,BR,-3.2033,-52.2064,89.69,66,75,8.05,broken clouds
291,Balkanabat,TM,39.5108,54.3671,56.48,49,0,1.81,clear sky
292,Lom Sak,TH,16.7798,101.2422,72.63,77,85,4.47,overcast clouds
293,Egvekinot,RU,66.3167,-179.1667,-3.28,65,4,7.99,clear sky
294,Mehamn,NO,71.0357,27.8492,24.98,83,100,17.98,overcast clouds
295,Marfino,RU,55.7028,37.3822,27.68,80,40,6.71,scattered clouds
296,Port-Gentil,GA,-0.7193,8.7815,80.56,78,40,10.36,scattered clouds
297,Imeni Poliny Osipenko,RU,52.4201,136.4853,31.1,89,100,25.75,light snow
298,Udayagiri,IN,20.1333,84.3833,68.97,87,9,1.48,clear sky
299,Churapcha,RU,62.0025,132.4325,-10.14,92,100,3.67,overcast clouds
300,Xai-Xai,MZ,-25.0519,33.6442,73.47,91,78,18.34,moderate rain
301,Knysna,ZA,-34.0363,23.0471,68.38,63,84,5.68,broken clouds
302,Bowen,AU,-20.0167,148.2333,75.42,79,100,6.71,overcast clouds
303,Karlovac,HR,45.4872,15.5478,48.67,66,54,1.01,broken clouds
304,Bilma,NE,18.6853,12.9164,91.27,12,1,7.45,clear sky
305,Beyneu,KZ,45.3167,55.2,48.72,66,14,7.63,few clouds
306,Bangui,CF,4.3612,18.555,90.23,39,83,3.87,broken clouds
307,Mogoytuy,RU,51.2833,114.9167,-3.46,90,5,3.8,clear sky
308,Belmonte,BR,-15.8631,-38.8828,79.3,82,98,6.13,overcast clouds
309,Kirkcudbright,GB,54.8383,-4.0491,46.94,76,75,9.33,broken clouds
310,Jalu,LY,29.0331,21.5482,75.67,25,78,7.94,broken clouds
311,Skibbereen,IE,51.55,-9.2667,44.4,63,12,2.55,few clouds
312,San Carlos De Bariloche,AR,-41.1456,-71.3082,60.55,31,20,10.36,few clouds
313,Richards Bay,ZA,-28.783,32.0377,71.51,72,39,17.56,light rain
314,Tagbac,PH,7.089,125.1567,73.72,86,98,4.0,overcast clouds
315,Baita,RO,46.0333,22.9,43.39,84,97,1.83,overcast clouds
316,Gao,ML,16.6362,1.637,94.77,12,3,12.77,clear sky
317,Ghanzi,BW,-21.5667,21.7833,89.76,6,2,10.54,clear sky
318,Chicama,PE,-7.8447,-79.1469,63.14,65,59,7.23,broken clouds
319,Tsagan Aman,RU,47.5639,46.7218,41.16,90,100,12.64,light rain
320,Lagoa,PT,39.05,-27.9833,65.82,87,13,17.05,few clouds
321,San Pedro De Macoris,DO,18.4616,-69.2972,87.39,68,74,7.99,broken clouds
322,Aykhal,RU,66.0,111.5,-25.83,100,76,8.14,broken clouds
323,Gazanjyk,TM,39.2446,55.5154,56.03,50,0,1.34,clear sky
324,Coquimbo,CL,-29.9533,-71.3436,62.69,74,90,7.14,overcast clouds
325,Arifwala,PK,30.294,73.0735,69.26,13,0,4.83,clear sky
326,Meulaboh,ID,4.1363,96.1285,76.06,89,100,7.96,overcast clouds
327,Rognan,NO,67.0953,15.3878,33.94,93,100,6.33,snow
328,Beringovskiy,RU,63.05,179.3167,-8.52,90,22,10.09,few clouds
329,Bac Lieu,VN,9.285,105.7244,78.48,87,87,12.01,overcast clouds
330,Flinders,AU,-34.5833,150.8552,66.2,85,100,3.91,overcast clouds
331,Havoysund,NO,70.9963,24.6622,25.03,84,99,6.42,overcast clouds
332,Ixtapa,MX,20.7,-105.2,72.23,83,40,4.61,scattered clouds
333,Domna,RU,51.8971,113.1573,-11.04,77,13,0.0,few clouds
334,Vrangel,RU,42.7297,133.0839,24.08,58,69,23.13,broken clouds
335,Kurilsk,RU,45.2333,147.8833,37.04,84,97,6.46,overcast clouds
336,Bulolo,PG,-7.2,146.65,69.87,98,91,2.77,overcast clouds
337,Sambava,MG,-14.2667,50.1667,78.12,71,61,6.78,broken clouds
338,Coolum Beach,AU,-26.5333,153.1,71.33,96,81,5.32,broken clouds
339,Albesti,RO,47.7,27.0667,43.21,61,23,5.14,few clouds
340,Idukki,IN,9.85,76.9667,69.89,97,91,1.52,heavy intensity rain
341,Russell,US,32.3502,-85.1999,43.38,58,20,0.0,few clouds
342,Honningsvag,NO,70.9821,25.9704,24.55,68,40,11.5,scattered clouds
343,Torbat-E Jam,IR,35.244,60.6225,58.77,36,46,3.24,scattered clouds
344,Tura,IN,25.5198,90.2201,62.22,69,0,3.76,clear sky
345,Oksfjord,NO,70.2396,22.3479,28.58,94,100,3.27,snow
346,Romitan,UZ,39.9343,64.3814,51.75,54,100,4.61,overcast clouds
347,Enumclaw,US,47.2043,-121.9915,43.23,95,100,1.01,light rain
348,Revelstoke,CA,50.9832,-118.2023,35.62,93,90,6.91,overcast clouds
349,Narsaq,GL,60.9167,-46.05,19.62,62,82,5.73,broken clouds
350,Chuy,UY,-33.6971,-53.4616,68.63,40,0,11.86,clear sky
351,Jerantut,MY,3.936,102.3626,73.92,98,94,1.77,overcast clouds
352,Port Pirie,AU,-33.1833,138.0167,68.09,76,100,8.66,light rain
353,College,US,64.8569,-147.8028,1.35,57,75,10.36,light snow
354,Tilichiki,RU,60.4667,166.1,-0.65,90,61,9.69,broken clouds
355,Nata,PA,8.3333,-80.5167,76.87,83,100,3.02,overcast clouds
356,Qandala,SO,11.472,49.8728,78.55,60,100,1.52,overcast clouds
357,Leeton,AU,-34.5667,146.4,71.65,64,90,8.05,heavy intensity rain
358,Ponta Do Sol,PT,32.6667,-17.1,74.03,75,100,2.84,overcast clouds
359,Rio Negrinho,BR,-26.2544,-49.5183,81.97,30,6,5.26,clear sky
360,Malinovskiy,RU,61.1953,62.8397,10.29,92,94,8.63,overcast clouds
361,Lasa,IT,46.6166,10.7002,49.91,84,15,2.37,few clouds
362,Ariquemes,BR,-9.9133,-63.0408,81.3,83,100,3.89,light rain
363,Kulhudhuffushi,MV,6.6221,73.07,81.64,72,100,13.98,overcast clouds
364,Huarmey,PE,-10.0681,-78.1522,69.33,75,87,9.15,overcast clouds
365,Smolenka,RU,52.1352,113.4974,-11.13,77,9,0.0,clear sky
366,Luebo,CD,-5.35,21.4167,79.25,75,79,3.94,light rain
367,Troitsko-Pechorsk,RU,62.7084,56.1964,10.98,93,100,6.42,overcast clouds
368,Bobcaygeon,CA,44.5462,-78.542,26.62,64,5,7.94,clear sky
369,Yarada,IN,17.65,83.2667,80.92,89,20,5.75,few clouds
370,Sao Joao Da Barra,BR,-21.6403,-41.0511,84.29,72,88,7.49,overcast clouds
371,Gamba,GA,-2.65,10.0,77.4,79,100,5.53,overcast clouds
372,Bay Roberts,CA,47.5999,-53.2648,41.32,79,100,8.01,overcast clouds
373,Yenagoa,NG,4.9247,6.2642,86.27,66,97,2.01,light rain
374,Yerofey Pavlovich,RU,53.9667,121.9667,3.88,77,100,4.23,overcast clouds
375,Izhma,RU,65.0083,53.9113,9.39,97,95,5.84,overcast clouds
376,Ust-Shonosha,RU,61.1531,41.343,18.25,87,98,7.83,overcast clouds
377,Coxim,BR,-18.5067,-54.76,89.89,55,100,4.21,overcast clouds
378,Sorong,ID,-0.8833,131.25,80.49,82,88,4.25,overcast clouds
379,Aksarayskiy,RU,46.7924,48.0119,48.15,59,100,17.22,overcast clouds
380,Lagos,NG,6.5833,3.75,91.72,66,100,6.71,light rain
381,Adjumani,UG,3.3779,31.7909,84.97,36,57,3.15,broken clouds
382,Rundu,NA,-17.9333,19.7667,96.22,6,69,6.11,broken clouds
383,Guigue,VE,10.0853,-67.7792,78.62,83,75,2.44,broken clouds
384,Campbeltown,GB,55.4258,-5.6076,50.05,87,75,16.11,broken clouds
385,Lakatoro,VU,-16.0999,167.4164,79.92,83,90,6.4,light rain
386,Saint-Louis,SN,16.3333,-15.0,101.62,11,5,13.71,clear sky
387,Ferme-Neuve,CA,46.7001,-75.4493,20.98,53,97,8.19,overcast clouds
388,Torbay,CA,47.6666,-52.7314,40.57,83,90,21.85,overcast clouds
389,Quatre Cocos,MU,-20.2078,57.7625,78.91,71,41,8.19,scattered clouds
390,Iralaya,HN,15.0,-83.2333,77.09,68,77,12.06,broken clouds
391,Port Moresby,PG,-9.4431,147.1797,76.42,94,20,4.61,few clouds
392,Nouakchott,MR,18.0858,-15.9785,100.33,29,16,6.46,few clouds
393,Pokrovka,KG,42.3414,78.0056,32.27,44,2,8.14,clear sky
394,Panjab,AF,34.388,67.0233,36.03,72,83,3.27,broken clouds
395,Hambantota,LK,6.1241,81.1185,79.14,94,40,4.61,thunderstorm
396,Barkhera,IN,28.45,79.8,63.39,49,0,3.69,clear sky
397,Maarianhamina,AX,60.0973,19.9348,30.06,93,0,3.44,clear sky
398,Bograd,RU,54.2344,90.8328,28.15,88,35,8.05,scattered clouds
399,Tarko-Sale,RU,64.9225,77.785,14.2,94,99,12.33,overcast clouds
400,Oshkosh,US,44.0247,-88.5426,29.17,74,1,1.99,clear sky
401,Boca Del Monte,MX,19.15,-96.8167,62.56,89,99,1.3,overcast clouds
402,Culpeper,US,38.5004,-77.9664,39.61,49,1,8.01,clear sky
403,Mount Gambier,AU,-37.8333,140.7667,53.51,94,100,0.0,moderate rain
404,Pinega,RU,64.7001,43.3936,16.38,95,73,6.4,broken clouds
405,Ostrovnoy,RU,68.0531,39.5131,12.99,94,94,7.27,overcast clouds
406,Lovozero,RU,68.005,35.0117,15.01,81,100,8.25,overcast clouds
407,Aseri,EE,59.4506,26.8675,31.48,81,99,3.56,overcast clouds
408,Pisco,PE,-13.7,-76.2167,69.85,73,20,9.22,few clouds
409,Sanandaj,IR,35.3144,46.9923,50.13,46,0,4.12,clear sky
410,Dawson Creek,CA,55.7666,-120.2362,4.96,72,90,10.36,light snow
411,Togur,RU,58.3631,82.8265,27.7,97,100,7.05,light snow
412,Coria,ES,39.9879,-6.5377,51.46,63,91,4.7,overcast clouds
413,Myitkyina,MM,25.3833,97.4,63.72,86,19,2.62,few clouds
414,Palanga,LT,55.9175,21.0686,42.82,70,75,5.75,broken clouds
415,Tezu,IN,27.9167,96.1667,61.75,86,31,4.5,scattered clouds
416,San Francisco,US,37.7749,-122.4194,54.32,87,40,1.99,fog
417,Wichian Buri,TH,15.6578,101.106,76.39,67,50,11.21,scattered clouds
418,Nedjo,ET,9.5046,35.5019,64.58,59,37,2.86,scattered clouds
419,Erenhot,CN,43.6475,111.9767,23.18,56,83,10.98,broken clouds
420,Seminole,US,28.7086,-81.2081,59.07,75,1,1.99,clear sky
421,Awbari,LY,26.5921,12.7805,78.89,19,99,4.65,overcast clouds
422,Pokhara,NP,28.2333,83.9833,57.69,85,82,3.11,broken clouds
423,Lodja,CD,-3.4833,23.4333,82.22,64,98,2.64,overcast clouds
424,Kuusamo,FI,65.9667,29.1833,15.84,92,90,8.05,light snow
425,Pyay,MM,18.8167,95.2167,75.15,77,6,1.54,clear sky
426,Eureka,US,40.8021,-124.1637,48.58,95,77,13.31,broken clouds
427,Vondrozo,MG,-22.8167,47.2833,75.0,75,86,3.91,light rain
428,Paramonga,PE,-10.6667,-77.8333,68.86,75,100,9.22,overcast clouds
429,Saldanha,ZA,-33.0117,17.9442,75.25,70,95,27.56,overcast clouds
430,Hanting,CN,36.7708,119.2108,36.75,40,0,4.45,clear sky
431,Wanning,CN,18.8003,110.3967,67.5,82,97,14.34,overcast clouds
432,Nouadhibou,MR,20.931,-17.0347,85.98,45,0,12.66,clear sky
433,Surt,LY,31.2089,16.5887,71.6,57,53,5.5,broken clouds
434,Horsham,GB,51.064,-0.3272,51.31,74,0,5.75,clear sky
435,Mayumba,GA,-3.432,10.6554,78.06,79,100,3.78,overcast clouds
436,Salaga,GH,8.5508,-0.5188,100.62,12,95,8.66,overcast clouds
437,Sedlcany,CZ,49.6606,14.4266,43.57,60,8,2.04,clear sky
438,Kashi,CN,39.4547,75.9797,37.22,43,50,4.47,scattered clouds
439,Rockport,US,28.0206,-97.0544,65.98,80,1,1.01,clear sky
440,Las Vegas,US,36.175,-115.1372,57.69,28,1,6.91,clear sky
441,Yerbogachen,RU,61.2767,108.0108,6.57,95,100,7.4,light snow
442,Clones,IE,54.1833,-7.2333,45.43,91,32,4.12,scattered clouds
443,Prainha,BR,-1.8,-53.48,89.51,51,24,4.61,few clouds
444,Ormond Beach,US,29.2858,-81.0559,58.15,70,20,8.99,few clouds
445,Yakima,US,46.4665,-120.6678,36.18,94,90,0.0,overcast clouds
446,Ryotsu,JP,38.0833,138.4333,46.89,74,90,29.48,light rain
447,Reyes,BO,-14.3167,-67.3833,86.72,59,100,3.0,moderate rain
448,Barcelos,PT,41.5388,-8.6151,60.94,51,51,1.95,broken clouds
449,Korla,CN,41.7597,86.1469,29.95,55,6,0.45,clear sky
450,Chauk,MM,20.8833,94.8167,77.72,78,0,4.45,clear sky
451,Toktogul,KG,41.8708,72.9402,39.4,53,0,3.83,clear sky
452,Nahariyya,IL,33.0059,35.0941,74.59,72,0,2.08,clear sky
453,Lorengau,PG,-2.0226,147.2712,81.84,79,99,10.18,overcast clouds
454,Gat,IL,31.61,34.7642,69.78,7,0,7.78,clear sky
455,Hervey Bay,AU,-25.2986,152.8535,73.04,82,69,7.74,broken clouds
456,Sfantu Gheorghe,RO,45.8667,25.7833,37.92,98,100,4.76,overcast clouds
457,Maceio,BR,-9.6658,-35.7353,90.84,51,75,14.97,broken clouds
458,Chimbote,PE,-9.0853,-78.5783,68.77,75,85,7.87,overcast clouds
459,Chara,RU,56.9064,118.2631,-20.13,73,9,0.72,clear sky
460,Cayenne,GF,4.9333,-52.3333,87.84,78,75,1.99,broken clouds
461,Motala,SE,58.5371,15.0365,39.15,70,64,4.0,broken clouds
462,Gorontalo,ID,0.5412,123.0595,75.87,94,100,3.18,overcast clouds
463,Grindavik,IS,63.8424,-22.4338,34.27,93,75,3.44,broken clouds
464,San Miguel De Cauri,PE,-10.1,-76.5833,54.18,61,100,6.08,overcast clouds
465,Ketchikan,US,55.3422,-131.6461,37.38,93,90,4.61,light rain
466,Vila,PT,42.0304,-8.1588,47.34,69,54,9.57,broken clouds
467,Nizhnyaya Omka,RU,55.4338,74.9426,24.35,93,99,15.08,light snow
468,Carbonia,IT,39.1672,8.5222,65.98,72,10,7.72,clear sky
469,Presidente Medici,BR,-11.1753,-61.9014,85.6,65,100,5.06,overcast clouds
470,Uppsala,SE,60.0,17.75,35.78,75,0,6.91,clear sky
471,Daru,PG,-9.0763,143.2092,79.56,81,21,7.7,few clouds
472,Lukovetskiy,RU,64.2956,41.9211,21.18,96,55,7.4,broken clouds
473,Isangel,VU,-19.55,169.2667,77.22,89,100,7.63,overcast clouds
474,Haimen,CN,23.1935,116.6142,60.69,67,53,10.74,broken clouds
475,Selma,US,36.5708,-119.6121,45.09,36,18,3.13,few clouds
476,Ilulissat,GL,69.2167,-51.1,10.42,56,20,27.63,few clouds
477,Marawi,PH,7.9986,124.2928,69.66,94,100,1.43,overcast clouds
478,Gornyak,RU,50.9942,81.4661,34.3,98,100,22.1,light snow
479,Yarmouth,US,41.7057,-70.2286,41.09,68,75,13.8,broken clouds
480,Baruun-Urt,MN,46.6806,113.2792,5.54,87,92,1.74,overcast clouds
481,Manacapuru,BR,-3.2997,-60.6206,84.78,59,100,4.72,overcast clouds
482,Longyan,CN,25.1072,117.0225,48.2,88,52,3.65,broken clouds
483,Lamu,KE,-2.2717,40.902,86.22,77,96,12.57,overcast clouds
484,Wabana,CA,47.6332,-52.9481,40.37,83,90,21.85,overcast clouds
485,Phon,TH,15.816,102.5998,75.85,65,92,13.56,overcast clouds
486,Monze,ZM,-16.2833,27.4833,81.73,44,65,4.25,broken clouds
487,Freeport,US,40.6576,-73.5832,39.42,57,1,10.0,clear sky
488,Palana,RU,59.1167,159.9667,24.28,67,11,13.18,few clouds
489,Sisimiut,GL,66.9395,-53.6735,14.49,67,97,19.55,overcast clouds
490,Buenos Aires,AR,-34.6132,-58.3772,75.78,40,0,8.03,clear sky
491,Honiara,SB,-9.4333,159.95,77.49,87,27,6.38,scattered clouds
492,Key West,US,24.5557,-81.7826,75.2,63,20,13.8,few clouds
493,Bubaque,GW,11.2833,-15.8333,82.83,76,5,7.63,clear sky
494,Lompoc,US,34.6391,-120.4579,61.12,59,1,4.61,clear sky
495,Le Port,RE,-20.9373,55.2919,78.8,91,66,1.72,broken clouds
496,Sembe,CG,1.6481,14.5806,79.45,73,100,2.55,overcast clouds
497,Barra Patuca,HN,15.8,-84.2833,79.83,80,65,10.94,broken clouds
498,Along,IN,28.1667,94.7667,57.94,89,13,1.95,few clouds
499,Gizo,SB,-8.103,156.8419,82.85,77,76,8.72,light rain
500,Coihaique,CL,-45.5752,-72.0662,63.21,63,75,6.91,broken clouds
501,Lisakovsk,KZ,52.5369,62.4936,17.28,89,88,13.11,overcast clouds
502,Hay River,CA,60.8156,-115.7999,1.38,71,75,8.05,light snow
503,Pahrump,US,36.2083,-115.9839,55.18,30,98,5.44,overcast clouds
504,Esil,KZ,51.9556,66.4042,17.73,92,28,10.2,scattered clouds
505,Putina,PE,-15.4667,-69.4333,52.97,47,100,5.41,overcast clouds
506,Sinnamary,GF,5.3833,-52.95,84.85,67,99,8.16,overcast clouds
507,Virginia Beach,US,36.8529,-75.978,42.04,59,29,1.99,scattered clouds
508,Kedrovyy,RU,56.1667,91.8167,32.41,79,98,14.45,overcast clouds
509,Ipixuna,BR,-1.7625,-48.8043,87.75,47,98,4.27,overcast clouds
510,Santa Cruz,BO,-17.8,-63.1667,86.05,70,75,16.11,broken clouds
511,Pierre,US,44.3683,-100.351,29.32,74,1,0.0,clear sky
512,Kieta,PG,-6.2167,155.6333,79.14,85,93,3.69,moderate rain
513,Corrente,BR,-3.7367,-43.3394,97.5,35,43,4.85,scattered clouds
514,Puerto Cabezas,NI,14.0351,-83.3888,78.76,94,40,9.22,scattered clouds
515,San Rafael,AR,-34.6177,-68.3301,80.67,21,0,5.41,clear sky
516,Tagab,AF,34.855,69.6492,55.29,26,30,3.0,scattered clouds
517,Raudeberg,NO,61.9875,5.1352,48.2,96,100,11.01,overcast clouds
518,Den Helder,NL,52.9599,4.7593,52.02,84,75,5.99,broken clouds
519,Kulu,TR,39.0951,33.0799,53.31,61,100,8.52,overcast clouds
520,Rio Grande,BR,-32.035,-52.0986,75.31,53,1,15.21,clear sky
521,Bushehr,IR,28.9684,50.8385,75.29,69,0,19.57,clear sky
522,Kruisfontein,ZA,-34.0033,24.7314,63.88,60,74,13.44,broken clouds
523,Deputatskiy,RU,69.3,139.9,-28.93,99,34,3.42,scattered clouds
524,Isiro,CD,2.7739,27.616,80.96,57,6,1.9,clear sky
525,Antofagasta,CL,-23.65,-70.4,70.21,54,71,7.2,broken clouds
526,Sulangan,PH,11.1373,123.7228,83.91,70,100,15.61,overcast clouds
527,Paamiut,GL,61.994,-49.6678,24.55,66,100,12.75,overcast clouds
528,Puerto Escondido,MX,15.85,-97.0667,82.69,55,2,1.59,clear sky
529,Tautira,PF,-17.7333,-149.15,77.02,75,54,2.17,light rain
530,Narasannapeta,IN,18.4167,84.05,78.33,85,36,5.03,scattered clouds
531,Kibaha,TZ,-6.7667,38.9167,89.69,56,82,11.95,broken clouds
532,Puerto Del Rosario,ES,28.5004,-13.8627,73.08,83,20,5.75,few clouds
533,Changji,CN,44.0167,87.3167,23.79,80,48,2.24,scattered clouds
534,Maldonado,UY,-34.6667,-54.9167,62.22,38,0,10.98,clear sky
535,Pacific Grove,US,36.6177,-121.9166,57.58,57,1,0.0,clear sky
536,Zaraza,VE,9.3503,-65.3245,90.25,47,99,5.5,overcast clouds
537,Samana,DO,19.2056,-69.3369,80.82,78,40,4.61,scattered clouds
538,Tsabong,BW,-26.0217,22.401,86.09,16,0,12.35,clear sky
539,Tessalit,ML,20.1986,1.0114,89.11,19,89,13.0,overcast clouds
540,Alpena,US,45.0617,-83.4327,32.11,76,1,5.99,clear sky
541,Mareeba,AU,-17.0,145.4333,74.44,94,98,2.37,overcast clouds
542,Kijang,KR,35.2442,129.2139,42.53,66,7,12.48,clear sky
543,Talara,PE,-4.5772,-81.2719,70.56,73,40,16.11,scattered clouds
544,Sabha,LY,27.0377,14.4283,79.3,22,100,5.73,overcast clouds
545,Fort Saint James,CA,54.4333,-124.25,27.18,90,100,2.48,overcast clouds
546,Leningradskiy,RU,69.3833,178.4167,-13.58,83,79,4.65,broken clouds
547,Wamba,NG,8.9333,8.6,95.97,18,42,6.93,scattered clouds
548,Koulamoutou,GA,-1.1303,12.4736,91.78,83,89,0.81,light rain
549,Cumana,VE,10.4635,-64.1775,91.49,70,90,2.3,overcast clouds
550,Wharton,US,29.3116,-96.1027,59.09,86,1,0.0,clear sky
551,Margherita,IN,27.2833,95.6833,63.36,90,74,2.48,broken clouds
552,Yumbel,CL,-37.0833,-72.5667,70.03,19,0,8.3,clear sky
553,Trinidad,BO,-14.8333,-64.9,85.98,74,75,11.5,broken clouds
554,Santa Vitoria,BR,-18.8386,-50.1214,89.6,53,56,1.59,broken clouds
555,Villa Bruzual,VE,9.3328,-69.1208,86.83,55,100,4.07,overcast clouds
556,Ekhabi,RU,53.5102,142.9671,33.67,97,100,34.05,light rain
557,Inuvik,CA,68.3499,-133.7218,-7.56,77,90,2.3,light snow
558,Waipawa,NZ,-41.4122,175.5153,51.03,83,94,2.66,overcast clouds
559,Esqueda,MX,30.7167,-109.5833,58.3,36,100,1.66,overcast clouds
560,Vitim,RU,59.4511,112.5578,-10.73,97,98,1.36,overcast clouds
561,Chipata,ZM,-13.6333,32.65,91.87,19,71,6.64,broken clouds
562,Bridgend,GB,51.5058,-3.5772,50.99,79,9,1.01,clear sky
563,Kalmunai,LK,7.4167,81.8167,77.74,90,100,8.39,overcast clouds
564,Tiksi,RU,71.6872,128.8694,-21.06,97,91,6.78,overcast clouds
565,Bimbo,CF,4.2567,18.4158,89.91,38,73,4.47,broken clouds
566,Flin Flon,CA,54.7682,-101.865,13.84,92,90,4.61,light snow
567,Amapa,BR,1.0,-52.0,90.79,44,66,4.76,broken clouds
568,Gigmoto,PH,13.7796,124.39,79.52,84,15,8.32,few clouds
569,Marondera,ZW,-18.1853,31.5519,68.14,72,99,3.13,light rain
570,Siuna,NI,13.7332,-84.7773,79.21,65,100,4.7,overcast clouds
571,Byron Bay,AU,-28.65,153.6167,71.55,89,42,6.11,light rain
572,Shenjiamen,CN,29.9576,122.298,47.5,49,2,9.24,clear sky
573,Djenne,ML,13.9061,-4.5533,99.27,11,1,15.17,clear sky
574,Sovetskiy,RU,61.3614,63.5842,10.98,92,96,8.1,overcast clouds
575,Arlit,NE,18.7369,7.3853,94.24,11,11,7.96,few clouds
576,Kibaya,TZ,-5.3,36.5667,74.21,43,93,4.88,overcast clouds
577,Padre Bernardo,BR,-15.35,-48.5,82.94,60,100,2.15,overcast clouds
578,Broome,US,42.2506,-75.833,33.06,76,90,1.99,light snow
579,Takoradi,GH,4.8845,-1.7554,83.79,71,17,8.72,light rain
580,Iquitos,PE,-3.7481,-73.2472,84.24,74,75,6.91,broken clouds
581,Mumford,GH,5.2618,-0.759,83.88,71,10,11.07,clear sky
582,Jardim,BR,-21.4803,-56.1381,97.5,36,51,4.27,broken clouds
583,Ndele,CF,8.4109,20.6473,93.47,20,31,5.7,scattered clouds
584,Sao Filipe,CV,14.8961,-24.4956,81.68,63,40,6.69,scattered clouds
585,Baoqing,CN,46.3317,132.2111,14.79,78,100,19.42,overcast clouds
586,Salaya,IN,22.3167,69.6,79.9,50,35,9.6,scattered clouds
587,Tromso,NO,69.6496,18.957,32.02,86,75,1.01,light snow
588,Girvan,GB,55.2426,-4.8555,50.0,83,89,9.46,overcast clouds
589,Fayaoue,NC,-20.65,166.5333,78.19,81,100,13.67,overcast clouds
590,Najran,SA,17.4924,44.1277,81.25,17,58,9.42,broken clouds
591,Goure,NE,13.9835,10.2704,96.03,10,3,11.83,clear sky
592,Kupang,ID,-10.1667,123.5833,82.31,78,96,2.95,overcast clouds
593,Besikduzu,TR,41.052,39.2284,60.69,70,100,4.88,overcast clouds
594,Morondava,MG,-20.2833,44.2833,81.75,76,97,13.85,overcast clouds
595,Qaqortoq,GL,60.7167,-46.0333,19.9,65,83,5.21,broken clouds
596,Bilibino,RU,68.0546,166.4372,-22.59,91,11,3.31,few clouds
597,Mariestad,SE,58.7097,13.8237,39.85,91,78,8.5,broken clouds
598,Santa Marinella,IT,42.0345,11.8536,62.89,78,100,10.96,overcast clouds
599,High Level,CA,58.5169,-117.136,5.11,78,75,11.5,light snow
600,Rivne,UA,50.6231,26.2274,33.84,100,75,13.42,shower sleet
601,Vao,NC,-22.6667,167.4833,73.8,79,99,8.75,overcast clouds
602,Miri,MY,4.4148,114.0089,75.34,94,40,17.27,heavy intensity rain
603,Anchorage,US,61.2181,-149.9003,8.76,83,90,0.0,light snow
604,Irpa Irpa,BO,-17.7167,-66.2667,77.25,40,100,5.37,overcast clouds
605,Ancud,CL,-41.8697,-73.8203,68.43,73,62,6.93,broken clouds
606,Vanimo,PG,-2.6741,141.3028,79.03,86,100,3.94,overcast clouds
607,Ribeira Brava,PT,32.65,-17.0667,72.23,75,100,2.1,overcast clouds
608,Benjamin Hill,MX,30.1667,-111.1,65.32,35,100,7.02,overcast clouds
609,Porto Velho,BR,-8.7619,-63.9039,82.45,74,40,2.3,scattered clouds
610,Tabou,CI,4.423,-7.3528,83.75,71,35,7.02,scattered clouds
611,Inirida,CO,3.8653,-67.9239,87.42,63,92,2.73,overcast clouds
612,Ukhta,RU,63.5671,53.6835,12.94,90,100,5.28,overcast clouds
613,Komsomolskiy,UZ,40.4272,71.7189,45.82,45,78,2.3,haze
614,Chernenko,RU,44.365,39.3103,52.83,81,96,12.91,moderate rain
615,San Cristobal,VE,7.7669,-72.225,69.98,85,91,4.36,overcast clouds
616,Eirunepe,BR,-6.6603,-69.8736,81.05,78,100,0.85,overcast clouds
617,Abu Dhabi,AE,24.4667,54.3667,84.22,70,0,9.22,clear sky
618,El Real De Santa Maria,PA,8.109,-77.7325,75.47,97,100,1.83,overcast clouds
619,Luderitz,NA,-26.6481,15.1594,70.88,62,0,28.1,clear sky
620,Port Hueneme,US,34.1478,-119.1951,68.25,28,1,4.61,clear sky
621,Askarovo,RU,53.3372,58.5089,20.35,68,75,4.47,light shower snow
622,Aksehir,TR,38.3575,31.4164,52.3,68,100,5.55,overcast clouds
623,Miranda,CO,3.2499,-76.2281,66.33,80,100,5.21,overcast clouds
624,Taoudenni,ML,22.6783,-3.9836,91.4,21,99,7.85,overcast clouds
625,Huambo,AO,-12.7761,15.7392,78.6,50,75,9.22,broken clouds
626,Sinop,TR,41.7711,34.8709,49.98,67,77,3.06,broken clouds
627,Krasnoselkup,RU,65.7,82.4667,20.89,93,100,13.44,overcast clouds
628,Salalah,OM,17.0151,54.0924,82.49,51,0,8.05,clear sky
629,Winnemucca,US,40.973,-117.7357,32.11,74,1,3.44,clear sky
630,Llanes,ES,43.4198,-4.7549,55.89,81,100,11.63,overcast clouds
631,Dalbandin,PK,28.8947,64.4101,65.25,22,3,4.61,clear sky
632,Okhotsk,RU,59.3833,143.3,2.62,86,100,14.79,overcast clouds
633,Erzin,TR,36.9559,36.2,66.72,69,97,2.08,overcast clouds
634,Marovoay,MG,-16.1,46.6333,84.34,65,85,10.89,overcast clouds
635,Bissora,GW,12.2231,-15.4475,93.27,30,0,6.31,clear sky
636,Savannah Bight,HN,16.45,-85.85,84.0,76,84,17.85,broken clouds
637,Ponta Delgada,PT,37.7333,-25.6667,68.72,88,40,13.8,scattered clouds
638,Ampanihy,MG,-24.7,44.75,85.06,35,100,11.7,overcast clouds
639,Karratha,AU,-20.7377,116.8463,82.22,54,100,11.9,overcast clouds
640,Markova,UA,48.6758,24.4138,35.19,80,12,4.0,few clouds
641,Nelson,NZ,-41.2833,173.2833,58.69,97,94,1.01,overcast clouds
642,Moron,AR,-34.6534,-58.6198,75.79,34,0,5.99,clear sky
643,Arman,RU,59.7,150.1667,6.06,81,5,13.6,clear sky
644,Port Augusta,AU,-32.5,137.7667,70.7,63,100,12.21,overcast clouds
645,Guadalupe Victoria,MX,32.2869,-115.105,69.08,17,100,2.55,overcast clouds
646,Gallup,US,35.5281,-108.7426,27.36,46,1,0.0,clear sky
647,Garzon,CO,2.1959,-75.6278,73.65,83,79,2.46,light rain
648,Pithora,IN,21.2667,82.5167,73.8,63,0,1.92,clear sky
649,Ust-Nera,RU,64.5667,143.2,-18.15,95,100,2.04,overcast clouds
650,Balykshi,KZ,47.0667,51.8667,42.8,100,75,13.42,mist
651,Donskoye,RU,45.4552,41.9741,51.93,83,100,13.69,light rain
652,Wajir,KE,1.7471,40.0573,89.78,38,100,13.89,overcast clouds
653,Alofi,NU,-19.0595,-169.9187,67.89,94,97,1.14,overcast clouds
654,Sal Rei,CV,16.1833,-22.9167,86.2,51,0,19.57,clear sky
655,Berdigestyakh,RU,62.0989,126.6992,-8.61,93,100,1.45,overcast clouds
656,Petropavlovsk-Kamchatskiy,RU,53.0452,158.6483,23.59,86,75,4.47,light snow
657,Smoky Lake,CA,54.1169,-112.4686,27.32,74,67,14.97,broken clouds
658,Jingdezhen,CN,29.2947,117.2079,41.32,64,0,0.81,clear sky
659,Calderitas,MX,18.55,-88.25,73.51,83,40,8.05,scattered clouds
660,Progreso,MX,21.2833,-89.6667,79.11,69,74,13.22,broken clouds
661,Manta,EC,-0.95,-80.7333,76.78,78,40,8.05,scattered clouds
662,Marsabit,KE,2.3284,37.9899,75.42,44,71,6.49,broken clouds
663,Ratnapura,LK,6.6828,80.3992,77.59,92,100,2.98,overcast clouds
664,Ures,MX,29.4333,-110.4,66.22,36,100,3.04,overcast clouds
665,Tefe,BR,-3.3542,-64.7114,78.91,94,75,5.75,heavy intensity rain
666,Krasnokholm,RU,51.5979,54.1567,19.99,91,100,2.51,overcast clouds
667,Makakilo City,US,21.3469,-158.0858,73.72,83,20,3.44,few clouds
668,Mao,ES,39.8885,4.2658,61.36,77,40,11.5,scattered clouds
669,Otjimbingwe,NA,-22.35,16.1333,93.76,4,0,7.02,clear sky
670,Husavik,IS,66.0449,-17.3389,31.91,78,100,7.07,overcast clouds
671,Bintulu,MY,3.1667,113.0333,79.21,94,40,1.99,scattered clouds
672,Pryazha,RU,61.6926,33.6216,13.23,99,88,1.95,overcast clouds
673,Alyangula,AU,-13.8483,136.4192,82.27,74,10,4.61,clear sky
674,Sile,TR,41.1754,29.6133,59.2,77,100,3.94,light rain
675,Nelson Bay,AU,-32.7167,152.15,66.99,95,100,9.82,overcast clouds
676,Monrovia,LR,6.3005,-10.7969,89.37,68,39,9.93,scattered clouds
677,Codrington,AU,-38.2667,141.9667,57.74,96,100,4.05,overcast clouds
678,Naze,JP,28.3667,129.4833,57.81,71,58,13.2,broken clouds
679,Noyabrsk,RU,63.1994,75.4507,10.17,94,100,11.99,overcast clouds
680,Novobirilyussy,RU,56.9514,90.6661,31.05,91,100,14.52,light snow
681,Domoni,KM,-12.2569,44.5319,80.89,74,74,5.99,broken clouds
682,Nemuro,JP,43.3236,145.575,39.4,65,96,15.5,overcast clouds
683,Melilla,ES,35.2937,-2.9383,62.8,72,20,8.05,few clouds
684,Nizwa,OM,22.9333,57.5333,78.21,18,10,3.31,clear sky
685,Qingdao,CN,36.0986,120.3719,31.6,64,0,4.47,clear sky
686,Listvyanka,RU,51.8535,104.8693,15.3,87,99,2.19,overcast clouds
687,Svetlyy Yar,RU,48.4748,44.781,35.2,99,100,9.4,light snow
688,Plettenberg Bay,ZA,-34.0527,23.3716,62.64,65,84,4.99,broken clouds
689,Sassandra,CI,4.95,-6.0833,84.78,67,19,7.31,few clouds
690,Juneau,US,58.3019,-134.4197,35.6,93,90,10.36,light rain
691,Pathein,MM,16.7833,94.7333,76.23,84,31,4.47,scattered clouds
692,Severnyy,RU,50.677,36.5532,28.44,74,75,4.47,broken clouds
693,Yishui,CN,35.7847,118.6281,34.74,48,0,3.69,clear sky
694,Broken Hill,AU,-31.95,141.4333,73.11,64,90,5.75,overcast clouds
695,Guryevsk,RU,54.2833,85.9333,32.11,87,92,18.16,light snow
